ViedId	View
1	30
2	45
3	280
4	301
5	307
6	308
7	320
8	323
9	328
10	330
11	350
12	370
13	380
14	408
15	500
16	508
17	525
18	820
19	2008
20	3008
21	4008
22	5008
23	18i
24	1系
25	1系Active e(E82)
26	200T
27	225xe
28	308S
29	320风尚
30	328gt
31	330e
32	37豪运
33	3系
34	500X
35	520i
36	5系
37	60H
38	6代高尔夫
39	718 Cayman
40	718 Cayman S
41	740e
42	7系
43	9代思域
44	A1
45	A180
46	A260
47	a3
48	A3 Sportback
49	A3 e-tron
50	A4
51	A45 AMG
52	a4L
53	A5
54	A5/S5 Sportback
55	A6
56	A60
57	A6L
58	A7
59	A8
60	A8L
61	ABB
62	Asterion
63	ATS
64	ATSL
65	ats-l
66	Avista
67	B30
68	B50
69	B7
70	B70
71	B90
72	BJ
73	BMW
74	BMW 7
75	BMW i
76	BMW iPerformance
77	BMW M2
78	BMW VISION NEXT 100
79	BMW320
80	BMW5系
81	BRZ
82	Buick凯越
83	BWM135
84	BYD
85	BYDF3
86	C2
87	C3- XR
88	C3R
89	c3xr
90	C3-XR
91	C3毕加索
92	C4
93	C4L
94	C4世嘉
95	C5
96	C50
97	C6
98	c7A6L
99	C88
100	California
101	Captur
102	Cayenne
103	Cayman
104	CC
105	CDX
106	CH125 Spacy
107	CIVIC
108	CLA
109	Concept B
110	Continental
111	Corsa雅鹿
112	Corss Polo
113	CorssPolo
114	countryman
115	CROOSS
116	CROSS
117	Cross   Lavida
118	Cross  Lavida
119	Cross  Polo
120	Cross Polo
121	Cross Santana
122	Cross Polo
123	CrossGolf
124	CROSSPOLO
125	Cross桑塔纳
126	Crown Victoria Police Interceptor
127	CRV
128	CR-V
129	CS15
130	CS35
131	CS75
132	CS95
133	CT6
134	CT6 PHEV
135	cx20
136	CX-4
137	CX-5
138	CX70
139	Cxperience
140	C奔
141	C级
142	D50
143	D60
144	D70
145	DB7
146	DS
147	DS 4S
148	DS 5LS
149	DS 4S
150	Ds4s
151	DS6
152	E260
153	E260L
154	E300
155	e300进口
156	EA211
157	ES
158	ES240
159	ES300H
160	Es350
161	EV160
162	evo
163	E级
164	F0
165	F-150
166	F2
167	F3
168	F40
169	FCC
170	FD2
171	Fiesta嘉年华
172	FIT
173	FO
174	Forte
175	F-PACE
176	FT-1
177	FT-HS
178	G37
179	G63 AMG
180	GA3
181	GA3S
182	GA6
183	GA8
184	Genesis G70
185	GK5
186	GL
187	GL8
188	GLA
189	GLC
190	GLE
191	GLI
192	glk
193	GLS
194	GM8
195	Golf
196	GOLF R
197	Gran Lavida FL
198	GREIZ
199	GS4
200	GS4 PHEV
201	GS8
202	GT
203	GTI
204	GX7
205	H2
206	H3
207	H6
208	H9
209	Honda
210	HRV
211	Hybrid
212	i NEXT
213	i3
214	i30N
215	i5
216	i8
217	Impala
218	Integra
219	IS
220	is250
221	ix25
222	ix35
223	Jeep
224	Jeep大切诺基
225	jeep自由光
226	Jepp
227	Jetta
228	K17
229	K2
230	K3S
231	k4
232	K5
233	Kodiaq
234	Kombi九座面包车
235	L3
236	L60
237	Lacetti
238	Lamando
239	Lamando凌渡
240	Lanamdo 凌渡
241	Land Cruiser Prado
242	Lavida
243	LAVIDA朗逸
244	LC500
245	LC500h
246	leaf
247	LEXUS
248	LX 570
249	LX570
250	M1
251	M2
252	m20
253	M30
254	M4
255	M5
256	M6
257	Macan
258	makan
259	Mark VIII
260	Mark7
261	Maserati 250F
262	Mazda3昂克赛拉
263	MG
264	MG5
265	MGGS
266	MGRover
267	MG-TF
268	MG锐腾上汽集团
269	mini
270	MINI COUNTRYMAN
271	MINI E
272	MINI JCW
273	MINICooper
274	MISTRA名图
275	MKZ
276	ML
277	Model S
278	MPV
279	Mustang
280	MX-5
281	New Polo
282	New York
283	NEWPOLO
284	NewSuperb
285	Niva
286	NSX
287	Octavia RS
288	panamera
289	Passat
290	PHEV
291	PHIDEON
292	PHIDEON辉昂
293	POLO
294	POLO GTI
295	POLO R WRC
296	PoloGTI
297	PoloR
298	PQ46
299	Prado
300	PSA
301	PST
302	Q3
303	q5
304	Q50
305	Q7
306	Q70L
307	QQ
308	QQ6
309	QQ613
310	QX50
311	QX80
312	R50X
313	R8
314	RAV4
315	RAV4 荣放
316	RAV4荣放
317	Roadster
318	RS1
319	RS5
320	RS6
321	RSQ
322	RV4
323	RX
324	RX5
325	S350
326	S3L
327	S40
328	S5
329	S60L
330	S7
331	S90
332	S90 T6
333	saab绅宝
334	smart
335	smart fortwo
336	SPIRIOR
337	Superb
338	SUPERB速派
339	SX6
340	sx7
341	T200
342	T5
343	T70
344	T-Cross
345	TERAMONT
346	TFSI
347	Tiguan
348	Tiguan Sport
349	Tiguan Sport
350	Tiguan途观
351	TT
352	V07S
353	V2
354	V5
355	V50
356	V6
357	V60 Polestar
358	Verna
359	Vision C
360	Volkswagen Polo
361	VX
362	X1
363	X1 xDrive25Le
364	x3
365	X5
366	X55
367	X5M
368	x6
369	X60
370	X65
371	X7
372	X8
373	X80
374	XC60
375	XC90
376	XF L
377	XFL
378	XK120
379	XM Concept
380	XRT
381	XRV
382	XR-V
383	YARiS L致炫
384	Yeti
385	Yeti 2
386	Yeti SUV
387	Ypsilon
388	Z700
389	ZF
390	阿尔法
391	阿尔法·罗密欧
392	阿斯顿·马丁
393	阿斯顿马丁
394	阿斯顿马丁DBS6.0
395	阿特兹
396	埃尔法
397	艾力绅
398	艾七
399	艾瑞泽
400	艾瑞泽5
401	艾瑞泽7
402	爱丽舍
403	爱唯欧
404	爱信
405	爱信2代
406	昂科拉
407	昂科雷
408	昂科塞拉
409	昂科威
410	昂科威很
411	昂克拉
412	昂克赛拉
413	傲虎
414	奥德赛
415	奥迪
416	奥迪 A3 e-tron
417	奥迪100
418	奥迪50
419	奥迪80
420	奥迪90
421	奥迪A1
422	奥迪A3
423	奥迪A3e-tron
424	奥迪A4
425	奥迪A4L
426	奥迪A5
427	奥迪A6
428	奥迪A6L
429	奥迪A6L e-tron
430	奥迪A8
431	奥迪A8L
432	奥迪A9
433	奥迪Q2
434	奥迪Q3
435	奥迪Q5
436	奥迪Q7
437	奥迪Q8
438	奥迪R8
439	奥迪RS
440	奥迪RS1
441	奥迪RS2
442	奥迪RS3
443	奥迪RS5
444	奥迪RS6
445	奥迪RS7
446	奥迪RSQ5
447	奥迪S3
448	奥迪Sport
449	奥迪SQ5
450	奥迪TT
451	奥迪丰田
452	奥迪进口Q5
453	奥拓
454	霸道
455	宝骏
456	宝骏310
457	宝骏560
458	宝骏630
459	宝骏730
460	宝来
461	宝来R
462	宝来Sportline
463	宝马
464	宝马 S 1000 RR
465	宝马 X5
466	宝马116
467	宝马118
468	宝马2系
469	宝马3
470	宝马316Li
471	宝马320
472	宝马320Li
473	宝马321
474	宝马3系
475	宝马5
476	宝马520
477	宝马525
478	宝马535
479	宝马5系
480	宝马5系L
481	宝马5系Li
482	宝马730
483	宝马740
484	宝马740Le
485	宝马7系
486	宝马E90
487	宝马i3
488	宝马i8
489	宝马M2
490	宝马M3
491	宝马M4 GTS
492	宝马MINI
493	宝马MINI Cooper
494	宝马ml
495	宝马q7
496	宝马S 1000 RR
497	宝马X1
498	宝马x3
499	宝马X4
500	宝马X5
501	宝马X5 xDrive40e
502	宝马X6
503	宝马Z435i
504	宝斯通
505	宝沃
506	宝沃BX7
507	保时捷
508	保时捷 macan
509	保时捷356A费迪南
510	保时捷718
511	保时捷718 Cayman S
512	保时捷911
513	保时捷911 Turbo
514	保时捷919 HYBRID
515	保时捷Cayman
516	保时捷Cayman GT4
517	保时捷Panamera
518	保时捷panamera4S
519	保时捷PanameraSHybrid
520	保时捷的PDK
521	保时捷卡宴
522	保时捷卡宴turboS
523	保时捷凯宴
524	北斗星
525	北斗星x5
526	北京C级
527	北京E级奔驰
528	北京奔驰
529	北京奔驰C级
530	北京奔驰E260L
531	北京奔驰GLK
532	北京汽车
533	北京汽车B40
534	北京汽车绅宝
535	北京汽车绅宝D50
536	北京现代
537	北京现代IX25
538	北京现代IX35
539	北京现代朗动
540	北京现代领动
541	北京现代名图
542	北京现代汽车
543	北京现代瑞纳
544	北京现代胜达
545	北京现代索8
546	北京现代索纳塔
547	北京现代索纳塔8
548	北京现代索纳塔八
549	北京现代索纳塔领翔
550	北京现代伊兰特
551	北京现代悦动
552	北京现代悦纳
553	北京新能源
554	北汽
555	北汽BJ80
556	北汽M50F
557	北汽幻速
558	北汽幻速h2
559	北汽幻速H2E
560	北汽幻速H3
561	北汽幻速H3F
562	北汽幻速S3
563	北汽幻速S3L
564	北汽幻速S6
565	北汽威旺
566	北汽威旺S50
567	北汽新能源
568	北汽新能源eu260
569	奔奔
570	奔弛
571	奔驰
572	奔驰 smart
573	奔驰3系
574	奔驰A180
575	奔驰AMG
576	奔驰A级
577	奔驰c200L
578	奔驰cla
579	奔驰C级
580	奔驰E
581	奔驰E400
582	奔驰E级
583	奔驰G
584	奔驰gla
585	奔驰GLK
586	奔驰glk300
587	奔驰GLS 350
588	奔驰GLS级
589	奔驰S
590	奔驰S320
591	奔驰S600
592	奔驰SLC
593	奔驰SLK350
594	奔驰SLSAMG
595	奔驰S级
596	奔驰S系
597	奔驰W194
598	奔驰x1
599	奔驰二系
600	奔驰迈巴赫
601	奔驰-迈巴赫6
602	奔驰三叉星徽
603	奔驰小跑
604	奔驰新E级
605	奔腾
606	奔腾B30
607	奔腾b50
608	奔腾X80
609	本田
610	本田 CH125 Spacy
611	本田CRV
612	本田CR-V
613	本田VSA
614	本田XRV
615	本田XR-V
616	本田艾力绅
617	本田飞度
618	本田锋范
619	本田哥瑞
620	本田杰德
621	本田竞瑞
622	本田思铂睿
623	本田思域
624	本田雅阁
625	比速
626	比速T3
627	比亚迪
628	比亚迪F0
629	比亚迪F０
630	比亚迪F3
631	比亚迪F8
632	比亚迪g5
633	比亚迪K6
634	比亚迪K9
635	比亚迪M6
636	比亚迪s7
637	比亚迪秦
638	比亚迪宋
639	比亚迪速锐
640	比亚迪唐
641	比亚迪元
642	毕加索
643	标标301
644	标志301
645	标志408
646	标致
647	标致2008
648	标致3008
649	标致301
650	标致307
651	标致308
652	标致4008
653	标致雪铁龙
654	别克
655	别克GL
656	别克GL8
657	别克昂科拉
658	别克昂科威
659	别克高尔夫
660	别克君威
661	别克君威GS
662	别克君越
663	别克君越30H
664	别克凯越
665	别克凯越HRV
666	别克荣御
667	别克赛欧
668	别克威朗
669	别克未来
670	别克新昂科拉
671	别克英朗
672	宾利
673	宾利飞驰
674	宾利欧陆GT
675	宾利欧路GTC
676	宾尼法利纳
677	缤智
678	波尔舍
679	波斯米亚
680	铂锐
681	博克斯特Boxster
682	博瑞
683	博越
684	布加迪
685	布加迪EBl6
686	布加迪威航
687	柴油索兰托
688	昌河北斗星
689	昌河铃木
690	昌河铃木北斗星
691	川汽野马
692	传其
693	传奇GS4
694	传祺
695	传祺GA8
696	传祺GS4
697	传祺GS8
698	传祺轿车GA6
699	创驰蓝天
700	创酷
701	大龅牙
702	大宝
703	大奔
704	大发
705	大捷龙
706	大迈
707	大迈X5
708	大迈X7
709	大切
710	大切诺基
711	大切诺基SRT
712	大宇
713	大众
714	大众 Cross Coupe GTE
715	大众Amarok
716	大众CC
717	大众CUV
718	大众DQ200
719	大众DQ250
720	大众ESP
721	大众GTI
722	大众passt
723	大众POLO
724	大众Polo R WRC
725	大众PoloGTi
726	大众T3
727	大众T3 Transporter
728	大众T3 Transporter
729	大众T-Cross
730	大众宝来
731	大众波罗
732	大众的宝来
733	大众高尔夫
734	大众高尔夫 GTI
735	大众高尔夫7
736	大众辉昂
737	大众辉腾
738	大众捷达
739	大众朗行
740	大众朗神
741	大众朗逸
742	大众-朗逸
743	大众凌渡
744	大众凌渡GTI
745	大众迈腾
746	大众帕萨特
747	大众普桑
748	大众汽车
749	大众桑塔纳
750	大众尚酷
751	大众尚酷DSG
752	大众斯柯达
753	大众速派
754	大众速腾
755	大众途安
756	大众途安L
757	大众途观
758	大众途锐
759	大众夏朗
760	大众新POLO
761	大众新POLO GTI
762	大众新辉腾
763	大众新途观
764	大众一汽高尔夫
765	戴姆勒
766	戴姆勒克莱斯勒
767	戴姆勒-克莱斯勒
768	道达V8
769	道奇Charger
770	道奇Charger Pursuit
771	道奇Charger Pursuit
772	德国宝马
773	地球梦
774	帝豪
775	帝豪EC7
776	帝豪ec8
777	帝豪GL
778	帝豪GS
779	第7代高尔夫
780	蒂波151
781	东标
782	东风
783	东风1号
784	东风A9
785	东风S500
786	东风本田
787	东风本田竞瑞
788	东风标致
789	东风标致 3008
790	东风标致2008
791	东风标致206
792	东风标致2550
793	东风标致3008
794	东风标致301
795	东风标致308
796	东风标致308S
797	东风标致4008
798	东风标致408
799	东风标致508
800	东风标致新308
801	东风标致新408
802	东风标致雪铁龙
803	东风风度
804	东风风度MX5
805	东风风行
806	东风风行S500
807	东风风神
808	东风风神A60
809	东风风神A6O
810	东风风神AX3
811	东风风神E30
812	东风风神E30L
813	东风风神H30
814	东风雷诺科雷嘉
815	东风日产
816	东风日产·启辰
817	东风日产骊威
818	东风日产启辰
819	东风日产天籁
820	东风日产天籁公爵
821	东风日产新天籁
822	东风日产轩逸
823	东风瑞达起亚千里马
824	东风瑞达起亚锐欧
825	东风小康V27
826	东风雪铁龙
827	东风雪铁龙C3-XR
828	东风雪铁龙C4L
829	东风雪铁龙C4世嘉
830	东风雪铁龙C6
831	东风雪铁龙爱丽舍
832	东风雪铁龙汽车
833	东风雪铁龙世嘉
834	东风英菲尼迪 Q50L
835	东风悦达
836	东风悦达起亚
837	东风悦达起亚“K2”
838	东风悦达起亚-K2
839	东风悦达起亚k3
840	东风悦达起亚KX3
841	东南
842	东南DX3
843	东南DX7
844	东南DX7-博朗
845	东南汽车
846	东南希旺
847	发现
848	发现4
849	发现神行
850	发现四
851	法拉利
852	法拉利458Italia
853	法拉利575M
854	飞度
855	菲克
856	菲翔
857	菲亚特
858	菲亚特500
859	菲亚特菲翔
860	菲亚特克莱斯勒
861	丰田
862	丰田2ZR
863	丰田C-HR
864	丰田Corolla
865	丰田GT86
866	丰田Hilux SW4
867	丰田LC76
868	丰田RAV4
869	丰田VSC
870	丰田埃尔法
871	丰田霸道
872	丰田汉兰达
873	丰田花冠
874	丰田皇冠
875	丰田卡罗拉
876	丰田凯美瑞
877	丰田普拉多
878	丰田普锐斯
879	丰田汽车
880	丰田塞纳
881	丰田赛纳
882	丰田小面包 Townace
883	丰田新汉兰达
884	丰田致炫
885	风2
886	风标致308
887	风光
888	风光360
889	风光580
890	风行
891	风骏
892	风骏6
893	风神A60
894	风神旗舰车A9
895	风雪铁龙C4世嘉
896	风云
897	风云2
898	锋范
899	锋驭
900	伏尔加
901	福克斯
902	福克斯RS
903	福克斯ST
904	福莱尔
905	福美来
906	福瑞迪
907	福睿斯
908	福特
909	福特Crown Victoria Police Interceptor
910	福特E450
911	福特F150
912	福特F550
913	福特F650
914	福特FAB1
915	福特GT
916	福特的Powershift
917	福特福克斯
918	福特福克斯ST
919	福特福睿斯
920	福特嘉年华ST
921	福特金牛座
922	福特蒙迪欧
923	福特汽车
924	福特锐界
925	福特锐界V6
926	福特探险者
927	福特途睿欧
928	福特野马
929	福特野马GT350R
930	福特翼博
931	福特翼虎
932	富康
933	盖世
934	盖世汽车
935	高6
936	高尔夫
937	高尔夫 GTI
938	高尔夫6
939	高尔夫7
940	高尔夫GTI
941	高尔夫R
942	高尔夫Sportsvan
943	高尔夫七
944	哥瑞
945	歌诗图
946	观致
947	冠道
948	广本
949	广汽
950	广汽本田
951	广汽本田缤智
952	广汽本田冠道
953	广汽乘用车
954	广汽传祺
955	广汽传祺GA3S
956	广汽传祺GA3S PHEV
957	广汽传祺GA6
958	广汽传祺GA8
959	广汽传祺GS4
960	广汽传祺GS5
961	广汽传祺GS8
962	广汽菲克
963	广汽菲亚特
964	广汽丰田
965	广汽丰田凯美瑞
966	广汽丰田雷凌
967	广汽丰田致炫
968	广汽吉奥
969	广汽讴歌
970	广汽三菱
971	国产雅阁
972	国产自由光
973	国光
974	哈飞
975	哈佛
976	哈佛H3
977	哈佛H6
978	哈佛H8
979	哈佛神6
980	哈弗
981	哈弗H2
982	哈弗H3
983	哈弗H6
984	哈弗H6 Coupe
985	哈弗H7
986	哈弗h8
987	哈弗H9
988	哈弗m2
989	哈弗SUV
990	哈弗蓝标H2
991	海马
992	海马M8
993	海马福仕达
994	海马汽车
995	海外版3008
996	汉兰达
997	汉能
998	汉能汽车
999	汉腾
1000	汉腾汽车
1001	悍马
1002	撼路者
1003	憾路者
1004	昊锐
1005	浩纳
1006	和悦
1007	黑桑
1008	恒悦
1009	红旗
1010	红旗CA770
1011	红旗H7
1012	宏光
1013	宏光S
1014	宏光S1
1015	花冠
1016	华晨
1017	华晨3系
1018	华晨X30
1019	华晨宝马
1020	华晨宝马525
1021	华晨金杯
1022	华晨鑫源
1023	华晨中华
1024	华晨中华V3
1025	华骏
1026	华泰汽车
1027	幻速H2
1028	皇冠
1029	辉昂
1030	辉昂 PHIDEON
1031	辉道
1032	辉腾
1033	霍顿
1034	吉利
1035	吉利博瑞
1036	吉利博越
1037	吉利帝豪
1038	吉利帝豪EC7
1039	吉利帝豪GS
1040	吉利豪情
1041	吉利汽车
1042	吉普
1043	吉普车
1044	极光
1045	佳乐
1046	佳美
1047	嘉旅
1048	嘉年华
1049	嘉年华ST
1050	甲壳虫
1051	江淮
1052	江淮iEV6E
1053	江淮汽车
1054	江淮瑞风
1055	江淮瑞风M5
1056	江淮瑞风S3
1057	江淮悦悦
1058	江铃
1059	江铃陆风
1060	江铃皮卡
1061	江铃驭胜
1062	杰德
1063	捷豹
1064	捷豹 F-PACE
1065	捷豹F-Type
1066	捷豹xe
1067	捷豹XFL
1068	捷豹路虎
1069	捷达
1070	捷达2002CiX
1071	捷恩斯
1072	捷恩斯G70
1073	金杯750
1074	金杯阁瑞斯丰田
1075	金刚
1076	金牛星
1077	金牛座
1078	进口标致
1079	进口大众
1080	进口大众高尔夫
1081	进口大众迈腾
1082	进口大众尚酷
1083	进口讴歌RL
1084	劲畅
1085	劲炫
1086	晶锐
1087	景程
1088	竞瑞
1089	九代雅阁
1090	久保田
1091	君威
1092	君威GS
1093	君越
1094	君越30H
1095	君越混动
1096	君越全混动
1097	俊风t26
1098	骏马 2008
1099	卡宾
1100	卡缤
1101	卡迪拉克
1102	卡罗拉
1103	卡罗拉GL-i
1104	卡曼
1105	卡曼cayman
1106	卡宴
1107	开瑞
1108	开瑞K50
1109	凯迪拉克
1110	凯迪拉克ATS-L
1111	凯迪拉克CT6
1112	凯迪拉克CT6 PHEV
1113	凯迪拉克CT6PHEV
1114	凯迪拉克LTS
1115	凯迪拉克PHEV
1116	凯迪拉克SRX
1117	凯迪拉克XTS
1118	凯迪拉克凯雷德
1119	凯迪拉克总统一号
1120	凯美瑞
1121	凯美瑞混动
1122	凯旋
1123	凯翼
1124	凯越
1125	凯越HRV
1126	凯尊
1127	康明斯
1128	考斯特
1129	柯兰多
1130	科雷傲
1131	科雷嘉
1132	科鲁 兹
1133	科鲁兹
1134	科鲁兹XL
1135	科鲁玆
1136	科迈罗
1137	科尼赛格
1138	科帕奇
1139	科沃兹
1140	克莱斯勒
1141	克莱斯勒300C
1142	克莱斯勒铂锐
1143	克莱斯勒道奇酷威
1144	酷路泽
1145	酷威
1146	拉达
1147	兰博基尼
1148	兰博基尼Aventador
1149	兰博基尼Diablo
1150	蓝标H2
1151	蓝鸟
1152	蓝瑟
1153	蓝瑟Evolution
1154	揽胜
1155	郎境
1156	朗 动
1157	朗 逸
1158	朗动
1159	朗行
1160	朗境
1161	朗镜
1162	朗朗
1163	朗型
1164	朗逸
1165	朗逸308
1166	浪迪
1167	劳斯莱斯
1168	劳斯莱斯幻影
1169	老富康
1170	老马
1171	老奇骏
1172	老四眼
1173	乐风
1174	雷傲
1175	雷丁
1176	雷克萨斯
1177	雷克萨斯CT200h
1178	雷克萨斯ES200
1179	雷克萨斯LC500
1180	雷克萨斯LF-LC
1181	雷克萨斯LX570
1182	雷克萨斯NX
1183	雷克萨斯凌志LX570
1184	雷凌
1185	雷凌双擎
1186	雷诺
1187	雷诺Clio
1188	雷诺Duster
1189	雷诺Zoes
1190	雷诺大风景
1191	雷诺风朗
1192	雷诺卡缤
1193	雷诺科雷傲
1194	雷诺日产
1195	雷诺泰诺
1196	雷斯特
1197	骊威
1198	李尔
1199	理念S1
1200	力帆
1201	力帆 320
1202	力帆迈威
1203	力狮
1204	莲花
1205	猎豹
1206	猎豹CS10
1207	猎豹-CS10
1208	猎豹的2030A
1209	猎豹飞腾
1210	猎豹黑金刚
1211	猎豹汽车
1212	林肯
1213	林肯 MKX
1214	林肯Continental
1215	林肯领袖一号
1216	林肯新Continental
1217	林荫大道
1218	铃木
1219	铃木（凯泽西）
1220	铃木SX4 S-Cross
1221	铃木北斗星
1222	铃木锋驭
1223	铃木吉姆尼
1224	铃木利亚纳
1225	铃木启悦
1226	铃木天语
1227	铃木维
1228	铃木维特拉
1229	凌度
1230	凌度GTS
1231	凌渡
1232	凌渡 GTS
1233	凌渡230
1234	凌渡280
1235	凌渡GTS
1236	凌派
1237	凌耀
1238	凌志
1239	羚羊
1240	领动
1241	领驭
1242	柳机五菱
1243	柳汽
1244	楼兰
1245	陆风
1246	陆风 X7
1247	陆风x5
1248	陆风Ｘ５
1249	陆风x7
1250	陆风X8
1251	陆虎
1252	陆虎揽胜
1253	陆巡
1254	路感
1255	路虎
1256	路虎发现神行
1257	路虎极光
1258	路虎进口神行者2
1259	路虎揽胜
1260	路虎揽胜极光
1261	路虎神行者2
1262	路特斯
1263	罗孚75
1264	罗兰加洛斯
1265	马5
1266	马6
1267	马8
1268	马丁
1269	马六
1270	马三
1271	马自达
1272	马自达3
1273	马自达5
1274	马自达6
1275	马自达8
1276	马自达Atenza
1277	马自达CX-4
1278	马自达CX5
1279	马自达CX-5
1280	马自达CX-6
1281	马自达RX-8
1282	马自达阿特兹
1283	马自达韩泰
1284	马自达全球
1285	玛驰
1286	玛莎
1287	玛莎拉蒂
1288	玛莎拉蒂Birdcage
1289	玛莎拉蒂GranCabrio
1290	玛莎拉蒂GranCabrio Novitec
1291	玛莎拉蒂GranTurismo MC Stradale
1292	玛莎拉蒂GT
1293	玛莎拉蒂MC
1294	玛莎拉蒂总裁
1295	迈巴赫6
1296	迈巴赫Exelero
1297	迈巴赫S级
1298	迈凯轮
1299	迈旅
1300	迈锐宝
1301	迈锐宝XL
1302	迈瑞宝
1303	迈腾
1304	迈腾B7L
1305	迈腾B8
1306	麦弗逊
1307	梅赛德斯
1308	梅赛德斯·奔驰
1309	梅赛德斯奔驰
1310	梅赛德斯-奔驰
1311	梅赛德斯奔驰A180
1312	梅赛德斯-奔驰GLC43 Coupe
1313	梅赛德斯-奔驰卡车
1314	蒙迪欧
1315	蒙迪欧Ecoboost
1316	蒙丢丢
1317	迷你
1318	名爵
1319	名爵3
1320	名爵MG3
1321	名图
1322	明锐
1323	明锐RS
1324	摩根4-4
1325	牧马人
1326	纳智捷
1327	纳智捷锐3
1328	纳智捷优6
1329	尼桑
1330	尼桑产的M30
1331	讴歌
1332	讴歌CDX
1333	讴歌MDX
1334	讴歌-MDX
1335	讴歌NSX
1336	欧宝
1337	欧宝Corsa
1338	欧宝雅特
1339	欧蓝德
1340	欧力威
1341	欧诺
1342	欧尚
1343	欧悦搏
1344	帕杰罗
1345	帕美
1346	帕萨特
1347	帕萨特B1
1348	帕萨特B5
1349	帕萨特B8
1350	帕萨特R
1351	帕萨特领驭
1352	派喜
1353	普拉多
1354	普力马
1355	普瑞维亚
1356	普桑
1357	齐骏
1358	奇骏
1359	奇瑞
1360	奇瑞QQ
1361	奇瑞TIGGOTX
1362	奇瑞艾瑞泽5
1363	奇瑞风云2
1364	奇瑞捷豹路虎
1365	奇瑞拉
1366	奇瑞路虎
1367	奇瑞汽车
1368	奇云
1369	骐达
1370	启辰
1371	启辰R50
1372	启辰T70
1373	启辰T90
1374	启辰晨风
1375	启程
1376	启悦
1377	起亚
1378	起亚 K5
1379	起亚Forte
1380	起亚K2
1381	起亚K5
1382	起亚KX3
1383	起亚福瑞迪
1384	起亚锐欧
1385	起亚赛拉图
1386	起亚新KX3
1387	起亚秀尔
1388	起亚智跑
1389	千里马
1390	秦
1391	青年莲花
1392	全新途观
1393	日产
1394	日产GT-R
1395	日产Infinity
1396	日产Leaf
1397	日产Terrano
1398	日产东风风度MX6
1399	日产蓝鸟 U13
1400	日产楼兰
1401	日产帅客
1402	日产轩逸
1403	日产颐达
1404	日野
1405	荣达
1406	荣放
1407	荣光
1408	荣威
1409	荣威360
1410	荣威550
1411	荣威750
1412	荣威E50
1413	荣威e550
1414	荣威e950
1415	荣威RX5
1416	锐虎
1417	锐界
1418	锐欧
1419	锐腾
1420	锐志
1421	瑞风
1422	瑞风M3
1423	瑞风S2
1424	瑞风S3
1425	瑞风S5
1426	瑞风第三代
1427	瑞虎
1428	瑞虎7
1429	瑞纳
1430	瑞麒
1431	瑞麒x1
1432	瑞翼
1433	睿骋CC
1434	睿翼
1435	飒凯
1436	萨博
1437	萨帕特
1438	塞拉图
1439	赛欧
1440	三飞
1441	三菱
1442	三菱ASX
1443	三菱EVO
1444	三菱i-MiEV
1445	三菱TR4
1446	三菱劲炫
1447	三菱蓝瑟
1448	三菱欧蓝德
1449	三菱帕杰罗
1450	三菱汽车
1451	桑纳塔
1452	桑塔那
1453	桑塔纳
1454	桑塔纳 2000
1455	桑塔纳（浩纳）
1456	桑塔纳（尚纳）
1457	桑塔纳·浩纳
1458	桑塔纳·浩纳。
1459	桑塔纳2000
1460	桑塔纳Cross
1461	桑塔纳LS
1462	桑塔纳MPV
1463	桑塔纳浩纳
1464	森林人
1465	森雅
1466	森雅R7
1467	森雅S80
1468	上海大众
1469	上海大众New Polo
1470	上海大众POLO
1471	上海大众VW
1472	上海大众捷达
1473	上海大众朗行
1474	上海大众朗逸
1475	上海大众帕萨特
1476	上海大众斯柯达
1477	上海大众斯柯达昊锐
1478	上海大众斯柯达明锐
1479	上海大众斯柯达昕动
1480	上海大众途观
1481	上海大众新朗逸
1482	上海汽车MG7
1483	上海桑塔纳
1484	上海斯柯达
1485	上海通用
1486	上海通用别克
1487	上海通用别克昂科拉
1488	上海通用别克君威
1489	上海通用别克凯越
1490	上海通用别克英朗
1491	上海通用雪佛兰
1492	上海通用雪佛兰赛欧
1493	上汽
1494	上汽大众
1495	上汽大众Cross桑塔纳
1496	上汽大众Lamando凌渡
1497	上汽大众辉昂
1498	上汽大众朗境
1499	上汽大众朗逸
1500	上汽大众凌渡
1501	上汽大众凌渡GTS
1502	上汽大众斯柯达
1503	上汽大众斯柯达Yeti
1504	上汽大众斯柯达晶锐
1505	上汽大众途安L
1506	上汽大众途观
1507	上汽荣威
1508	上汽荣威e950
1509	上汽荣威eRX5
1510	上汽斯柯达
1511	上汽通用
1512	上汽通用别克
1513	上汽通用凯越
1514	上汽通用汽车别克
1515	上汽通用五菱
1516	上汽通用雪佛兰
1517	上汽新能源
1518	尚酷
1519	绅宝
1520	绅宝d50
1521	神龙
1522	神龙PSV
1523	神龙富康
1524	神龙汽车
1525	圣达菲
1526	胜达
1527	十代思域
1528	实马
1529	世代
1530	世嘉
1531	双环
1532	双环 SCEO
1533	双龙
1534	双龙爱腾
1535	双龙柯兰多
1536	思铂睿
1537	思铭
1538	思域
1539	斯巴鲁
1540	斯巴鲁XV
1541	斯巴鲁傲虎
1542	斯巴鲁力狮
1543	斯巴鲁森林人
1544	斯巴鲁翼豹
1545	斯堪尼亚
1546	斯柯达
1547	斯柯达 KODIAQ
1548	斯柯达 Yeti
1549	斯柯达Kodiaq
1550	斯柯达OCTAVIA COMBI明锐
1551	斯柯达SUPERB
1552	斯柯达SUPERB全新速派
1553	斯柯达VisionS
1554	斯柯达Yeti
1555	斯柯达-Yeti
1556	斯柯达昊锐
1557	斯柯达晶锐
1558	斯柯达明锐
1559	斯柯达全新速派
1560	斯柯达速派
1561	斯柯达速派Combi
1562	斯柯达速尊
1563	斯柯达昕动
1564	斯柯达昕锐
1565	斯柯达野帝
1566	斯柯达野帝2
1567	斯科达速派
1568	斯威
1569	斯威X7
1570	斯威汽车
1571	四皇
1572	松花江5型
1573	宋
1574	速派
1575	速腾
1576	速腾GLI
1577	速腾R-Line
1578	索8
1579	索八
1580	索纳塔
1581	索纳塔8
1582	索纳塔9
1583	索纳塔八
1584	探险者
1585	特斯拉
1586	特斯拉Model S
1587	腾势
1588	天津一汽
1589	天津一汽骏派A70
1590	天津一汽威志V2
1591	天津一汽夏利
1592	天津一汽夏利N5
1593	天籁
1594	添越Mulliner
1595	通达DS
1596	通汽
1597	通用
1598	通用汽车
1599	图图
1600	途安
1601	途安L
1602	途安Ｌ
1603	途安L3
1604	途观
1605	途观XL
1606	途乐
1607	途锐
1608	途睿欧
1609	途胜
1610	王子
1611	威驰
1612	威朗
1613	威朗轿跑
1614	威乐
1615	威霆
1616	威旺M30
1617	维特拉
1618	卫士
1619	蔚揽
1620	沃尔沃
1621	沃尔沃360
1622	沃尔沃S40
1623	沃尔沃S60
1624	沃尔沃S60L
1625	沃尔沃S80L
1626	沃尔沃S90
1627	沃尔沃V40
1628	沃尔沃V60
1629	沃尔沃XC60
1630	沃尔沃-XC60
1631	沃尔沃XC90
1632	五菱
1633	五菱宝骏
1634	五菱宏光
1635	五菱宏光S
1636	五菱乐驰
1637	五菱荣光
1638	五菱神车
1639	五菱神光
1640	五菱小卡
1641	五菱小面
1642	五菱之光
1643	五菱之光S
1644	五十铃
1645	西玛
1646	西雅特
1647	西雅特Ateca
1648	西雅特欧悦搏
1649	西雅特伊比飒
1650	西亚特
1651	西耶那
1652	夏朗
1653	夏利
1654	夏利2000
1655	夏利n3
1656	现代
1657	现代265LC-7
1658	现代i30N
1659	现代ix25
1660	现代IX35
1661	现代飞思
1662	现代捷恩斯
1663	现代朗动
1664	现代名图
1665	现代起亚
1666	现代瑞奕
1667	现代索八
1668	现代索纳塔
1669	现代索纳塔八
1670	现代途胜
1671	享御
1672	逍客
1673	小3
1674	小4
1675	小6
1676	小A
1677	小C
1678	小昂
1679	小八
1680	小霸王
1681	小博
1682	小海
1683	小康
1684	小科
1685	小理
1686	小马儿
1687	小迈
1688	小帕
1689	小七
1690	小三
1691	小四
1692	小松
1693	小夏
1694	小旋风
1695	昕动
1696	昕锐
1697	昕悦
1698	新帕
1699	新途观
1700	熊猫
1701	秀尔
1702	轩逸
1703	炫丽
1704	雪佛兰
1705	雪佛兰Impala
1706	雪佛兰Suburban
1707	雪佛兰创酷
1708	雪佛兰黑斑羚
1709	雪佛兰科鲁兹
1710	雪佛兰科迈罗
1711	雪佛兰科帕奇
1712	雪佛兰科沃兹
1713	雪佛兰克尔维特Z06
1714	雪佛兰乐驰
1715	雪佛兰迈锐宝xl
1716	雪佛兰萨博班
1717	雪佛兰赛欧
1718	雪佛兰沃蓝达
1719	雪佛兰现乐风RV7
1720	雪弗兰
1721	雪弗兰创酷
1722	雪弗兰科鲁兹
1723	雪弗兰赛欧
1724	雪铁龙
1725	雪铁龙11CV
1726	雪铁龙c2
1727	雪铁龙c3-xr
1728	雪铁龙C4L
1729	雪铁龙c4世嘉
1730	雪铁龙C5
1731	雪铁龙世嘉
1732	巡洋舰
1733	雅阁
1734	雅阁锐混动北美版
1735	雅力士
1736	雅致
1737	阳光
1738	野帝
1739	野马
1740	一虎
1741	一汽
1742	一汽A4
1743	一汽奥迪
1744	一汽奥迪q3
1745	一汽奔腾
1746	一汽大众
1747	一汽-大众
1748	一汽－大众
1749	一汽大众CC
1750	一汽大众奥迪
1751	一汽-大众奥迪
1752	一汽大众捷达
1753	一汽大众迈腾
1754	一汽-大众迈腾
1755	一汽大众速腾
1756	一汽丰田
1757	一汽丰田RAV4
1758	一汽丰田卡罗拉
1759	一汽丰田凯美瑞
1760	一汽海马
1761	一汽吉林
1762	一汽吉林V80
1763	一汽吉林森雅S80
1764	一汽马自达
1765	一汽马自达阿特兹
1766	一汽迈腾
1767	伊兰特
1768	依维柯
1769	颐达
1770	逸动
1771	逸动XT
1772	翼博
1773	翼搏
1774	翼虎
1775	翼神
1776	英菲尼迪
1777	英菲尼迪ESQ
1778	英菲尼迪Q50L
1779	英菲尼迪QX30
1780	英朗
1781	英朗GT
1782	英朗自豪
1783	永源A380
1784	雨燕
1785	驭胜S350
1786	域虎
1787	远景
1788	远景SUV
1789	悦达起亚
1790	悦动
1791	悦纳
1792	悦翔
1793	悦翔V3
1794	悦翔V7
1795	悦悦
1796	战神GTI
1797	长安
1798	长安CS15
1799	长安CS35
1800	长安CS75
1801	长安CS95
1802	长安CX70
1803	长安SUV的 CS75
1804	长安奔奔
1805	长安标致雪铁龙
1806	长安大众
1807	长安福特
1808	长安福特福克斯
1809	长安福特福睿斯
1810	长安福特福特蒙迪欧致胜
1811	长安福特新福克斯
1812	长安福特翼博
1813	长安福特翼虎
1814	长安杰勋
1815	长安金牛星
1816	长安铃木
1817	长安铃木奥拓
1818	长安铃木羚羊
1819	长安铃木启 悦
1820	长安铃木启悦
1821	长安铃木天语
1822	长安铃木维特拉
1823	长安铃木雨燕
1824	长安马自达
1825	长安马自达3
1826	长安欧力威
1827	长安欧诺
1828	长安欧尚
1829	长安汽车
1830	长安汽车CS35
1831	长安汽车悦翔
1832	长安睿骋
1833	长安沃尔沃S40
1834	长安星光4500
1835	长安星卡
1836	长安逸动
1837	长安悦翔
1838	长安悦翔V7
1839	长安之星
1840	长城
1841	长城C30
1842	长城M4
1843	长城汽车
1844	长江EV
1845	长马
1846	郑州日产
1847	郑州日产俊风
1848	郑州日产皮卡
1849	之诺60H
1850	知豆
1851	知豆ZD-1
1852	指南者
1853	志炫
1854	致尚
1855	致尚XT
1856	致胜
1857	致炫
1858	致悦
1859	智跑
1860	中国一汽
1861	中华
1862	中华H530
1863	中华V3
1864	众泰
1865	众泰LP700
1866	众泰T600
1867	众泰T700
1868	众泰Z500
1869	众泰Z700
1870	众泰大迈
1871	众泰大迈X5
1872	众泰朗悦
1873	众泰汽车
1874	众泰云100
1875	众泰众泰T600
1876	自由光
1877	自由侠
1878	尊荣
